Names,MetaScores
Disco Elysium: The Final Cut,91
Half-Life 2,91
Grand Theft Auto V,91
Out of the Park Baseball 2007,91
The Orange Box,91
Half-Life,91
BioShock,91
Baldur's Gate II: Shadows of Amn,91
Divinity: Original Sin II - Definitive Edition,91
Portal 2,91
The Elder Scrolls V: Skyrim,91
Command & Conquer,91
Mass Effect 2,91
Grand Theft Auto: Vice City,91
Sid Meier's Civilization II,91
Quake,91
BioShock Infinite,91
The Elder Scrolls IV: Oblivion,91
Elden Ring,91
Grim Fandango,91
Divinity: Original Sin Enhanced Edition,91
Diablo,91
Sid Meier's Civilization IV,91
The Witcher 3: Wild Hunt,91
Company of Heroes,91
Tetris Effect: Connected,91
Half-Life: Alyx,91
Divinity: Original Sin II,91
Unreal Tournament 2004,91
Starcraft II: Wings of Liberty,91
Minecraft,91
Red Dead Redemption 2,91
Homeworld,91
Grand Theft Auto III,91
God of War,91
Beat Saber,91
Hades,91
Star Wars: Knights of the Old Republic,91
World of Warcraft,91
Grand Theft Auto: San Andreas,91
Call of Duty 4: Modern Warfare,91
Warcraft III: Reign of Chaos,91
Sid Meier's Gettysburg!,91
The Sims,91
The Sims Deluxe,91
World Soccer Winning Eleven 7 International,91
Team Fortress 2,91
System Shock 2,91
Tom Clancy's Splinter Cell: Chaos Theory,91
Rome: Total War,91
Okami HD,91
Undertale,91
Thief: The Dark Project,91
Age of Empires II: The Age of Kings,91
Sid Meier's Alpha Centauri,91
Unreal Tournament (1999),91
Galactic Civilizations II: Twilight of the Arnor,91
Final Fantasy XIV: Endwalker,91
Out of the Park Baseball 17,91
The Witcher 3: Wild Hunt - Blood and Wine,91
Tiger Woods PGA Tour 2003,91
Myth: The Fallen Lords,91
Medal of Honor: Allied Assault,91
Dishonored,91
Microsoft Flight Simulator,91
World of Warcraft: Wrath of the Lich King,91
Baldur's Gate,91
F1 Challenge '99-'02,91
Overwatch,91
Halo: The Master Chief Collection - Halo 3: ODST,91
Deus Ex: Human Revolution - Director's Cut,91
Mission: It's Complicated,91
IL-2 Sturmovik,91
FreeSpace 2,91
Mortal Kombat 11 Ultimate,91
Metal Gear Solid V: The Phantom Pain,91
Tom Clancy's Splinter Cell,91
Forza Horizon 5,91
Kentucky Route Zero - Act III,91
Out of the Park Baseball 16,91
Crysis,91
World of Warcraft: The Burning Crusade,91
Tony Hawk's Pro Skater 2,91
The Longest Journey,91
Star Wars Jedi Knight: Dark Forces II,91
Tiger Woods PGA Tour 2005,91
Batman: Arkham Asylum,91
Galactic Civilizations II: Dark Avatar,91
The Operative: No One Lives Forever,91
Tumblestone,91
Crusader Kings III,91
Battlefield 2,91
Street Fighter IV,91
Fallout 3,91
Batman: Arkham City,91
Fez,91
Planescape: Torment,91
Neverwinter Nights,91
No One Lives Forever 2: A Spy in H.A.R.M.'s Way,91
Dragon Age: Origins,91
